<?xml version="1.0" encoding="UTF-8"?>
<teamcity-plugin xmlns:xsi="http://www.w3.org/2001/XMLSchema-instance" xsi:noNamespaceSchemaLocation="urn:shemas-jetbrains-com:teamcity-plugin-v1-xml">
  <info>
    <name>groovy-buildstep</name>
    <display-name>Groovy build step plugin</display-name>
    <version>1.0.0-SNAPSHOT</version>
    <description>Allows to execute groovy scripts as build steps</description>
    <download-url>Plugin download URL</download-url>
    <email>cedric.champeau@gmail.com</email>
    <vendor>
      <name>CÃ©dric Champeau</name>
      <url>http://melix.github.io/blog</url>
    </vendor>
  </info>
  <deployment use-separate-classloader="true" />
</teamcity-plugin>